name,label,updated
100_2.wav,0.0,True
100_3.wav,0.0,True
100_4.wav,0.0,True
101_2.wav,0.0,True
101_3.wav,0.0,True
101_4.wav,0.0,True
102_2.wav,0.0,True
102_3.wav,0.0,True
102_4.wav,0.0,True
103_2.wav,0.0,True
103_3.wav,0.0,True
103_4.wav,0.0,True
104_2.wav,0.0,True
104_3.wav,0.0,True
104_4.wav,0.0,True
105_2.wav,0.0,True
105_3.wav,0.0,True
105_4.wav,0.0,True
106_2.wav,0.0,True
106_3.wav,0.0,True
106_4.wav,0.0,True
107_3.wav,0.0,True
107_4.wav,0.0,True
108_2.wav,0.0,True
108_3.wav,0.0,True
108_4.wav,0.0,True
109_2.wav,0.0,True
109_3.wav,0.0,True
109_4.wav,0.0,True
110_2.wav,0.0,True
110_3.wav,0.0,True
110_4.wav,0.0,True
111_2.wav,0.0,True
111_3.wav,0.0,True
111_4.wav,0.0,True
112_2.wav,0.0,True
112_3.wav,0.0,True
112_4.wav,0.0,True
113_0.wav,0.0,True
114_0.wav,0.0,True
115_0.wav,0.0,True
116_0.wav,0.0,True
121_0.wav,0.0,True
121_1.wav,0.0,True
121_2.wav,0.0,True
122_0.wav,0.0,True
122_1.wav,0.0,True
122_2.wav,0.0,True
123_0.wav,0.0,True
123_1.wav,0.0,True
123_2.wav,0.0,True
124_0.wav,0.0,True
124_1.wav,0.0,True
124_2.wav,0.0,True
125_0.wav,0.0,True
125_1.wav,0.0,True
125_2.wav,0.0,True
126_0.wav,0.0,True
126_1.wav,0.0,True
126_2.wav,0.0,True
127_0.wav,0.0,True
127_1.wav,0.0,True
127_2.wav,0.0,True
128_0.wav,0.0,True
128_1.wav,0.0,True
128_2.wav,0.0,True
129_0.wav,0.0,True
129_1.wav,0.0,True
129_2.wav,0.0,True
130_0.wav,0.0,True
130_1.wav,0.0,True
130_2.wav,0.0,True
131_0.wav,0.0,True
131_1.wav,0.0,True
131_2.wav,0.0,True
132_0.wav,0.0,True
132_1.wav,0.0,True
132_2.wav,0.0,True
133_0.wav,0.0,True
133_1.wav,0.0,True
133_2.wav,0.0,True
134_0.wav,0.0,True
134_1.wav,0.0,True
134_2.wav,0.0,True
135_0.wav,0.0,True
135_1.wav,0.0,True
135_2.wav,0.0,True
136_0.wav,0.0,True
136_1.wav,0.0,True
136_2.wav,0.0,True
137_2.wav,0.0,True
137_3.wav,0.0,True
137_4.wav,0.0,True
138_2.wav,0.0,True
138_3.wav,0.0,True
138_4.wav,0.0,True
139_2.wav,0.0,True
139_3.wav,0.0,True
139_4.wav,0.0,True
140_2.wav,0.0,True
140_3.wav,0.0,True
140_4.wav,0.0,True
141_2.wav,0.0,True
141_3.wav,0.0,True
141_4.wav,0.0,True
142_2.wav,0.0,True
142_3.wav,0.0,True
142_4.wav,0.0,True
143_2.wav,0.0,True
143_3.wav,0.0,True
143_4.wav,0.0,True
144_2.wav,0.0,True
144_3.wav,0.0,True
144_4.wav,0.0,True
145_0.wav,0.0,True
145_1.wav,0.0,True
145_2.wav,0.0,True
145_3.wav,0.0,True
146_0.wav,0.0,True
146_1.wav,0.0,True
146_2.wav,0.0,True
146_3.wav,0.0,True
147_0.wav,0.0,True
147_1.wav,0.0,True
147_2.wav,0.0,True
147_3.wav,0.0,True
148_0.wav,0.0,True
148_1.wav,0.0,True
148_2.wav,0.0,True
148_3.wav,0.0,True
149_0.wav,0.0,True
149_1.wav,0.0,True
149_2.wav,0.0,True
150_0.wav,0.0,True
150_1.wav,0.0,True
150_2.wav,0.0,True
151_0.wav,0.0,True
151_1.wav,0.0,True
151_2.wav,0.0,True
1513_3.wav,0.0,True
1513_4.wav,0.0,True
1514_3.wav,0.0,True
1514_4.wav,0.0,True
1515_3.wav,0.0,True
1515_4.wav,0.0,True
1516_3.wav,0.0,True
1516_4.wav,0.0,True
152_0.wav,0.0,True
152_1.wav,0.0,True
152_2.wav,0.0,True
1521_4.wav,0.0,True
1522_4.wav,0.0,True
1523_4.wav,0.0,True
1524_4.wav,0.0,True
1525_0.wav,0.0,True
1526_0.wav,0.0,True
1527_0.wav,0.0,True
1528_0.wav,0.0,True
1529_0.wav,0.0,True
1529_3.wav,0.0,True
1529_4.wav,0.0,True
153_0.wav,0.0,True
153_4.wav,1.0,True
1530_0.wav,0.0,True
1530_3.wav,0.0,True
1530_4.wav,0.0,True
1531_0.wav,0.0,True
1531_3.wav,0.0,True
1531_4.wav,0.0,True
1532_0.wav,0.0,True
1532_3.wav,0.0,True
1532_4.wav,0.0,True
1533_4.wav,0.0,True
1534_4.wav,0.0,True
1535_4.wav,0.0,True
1536_3.wav,1.0,True
1536_4.wav,0.0,True
1537_0.wav,0.0,True
1538_0.wav,0.0,True
1539_0.wav,0.0,True
154_0.wav,0.0,True
154_4.wav,1.0,True
1540_0.wav,0.0,True
1541_0.wav,0.0,True
1541_4.wav,1.0,True
1542_0.wav,0.0,True
1542_4.wav,1.0,True
1543_0.wav,0.0,True
1543_4.wav,1.0,True
1544_0.wav,0.0,True
1544_4.wav,1.0,True
1549_0.wav,0.0,True
1549_3.wav,0.0,True
1549_4.wav,0.0,True
155_0.wav,0.0,True
155_4.wav,1.0,True
1550_0.wav,0.0,True
1550_3.wav,0.0,True
1550_4.wav,0.0,True
1551_0.wav,0.0,True
1551_3.wav,0.0,True
1551_4.wav,0.0,True
1552_0.wav,0.0,True
1552_3.wav,0.0,True
1552_4.wav,0.0,True
1553_3.wav,0.0,True
1554_3.wav,0.0,True
1555_3.wav,0.0,True
1556_3.wav,0.0,True
1557_0.wav,0.0,True
1557_3.wav,0.0,True
1558_0.wav,0.0,True
1558_3.wav,0.0,True
1559_0.wav,0.0,True
1559_3.wav,0.0,True
156_0.wav,0.0,True
156_4.wav,1.0,True
1560_0.wav,0.0,True
1560_3.wav,0.0,True
1561_0.wav,0.0,True
1561_4.wav,0.0,True
1562_0.wav,0.0,True
1562_4.wav,0.0,True
1563_0.wav,0.0,True
1563_4.wav,0.0,True
1564_0.wav,0.0,True
1564_4.wav,0.0,True
1565_0.wav,0.0,True
1565_3.wav,0.0,True
1565_4.wav,0.0,True
1566_0.wav,0.0,True
1566_3.wav,0.0,True
1566_4.wav,0.0,True
1567_0.wav,0.0,True
1567_3.wav,0.0,True
1567_4.wav,0.0,True
1568_0.wav,0.0,True
1568_3.wav,0.0,True
1568_4.wav,0.0,True
1569_4.wav,0.0,True
157_0.wav,0.0,True
157_2.wav,1.0,True
1570_4.wav,0.0,True
1571_4.wav,0.0,True
1572_4.wav,0.0,True
1573_2.wav,0.0,True
1573_3.wav,0.0,True
1573_4.wav,0.0,True
1574_2.wav,0.0,True
1574_3.wav,0.0,True
1574_4.wav,0.0,True
1575_2.wav,0.0,True
1575_3.wav,0.0,True
1575_4.wav,0.0,True
1576_2.wav,0.0,True
1576_3.wav,0.0,True
1576_4.wav,0.0,True
1577_0.wav,0.0,True
1577_3.wav,0.0,True
1577_4.wav,0.0,True
1578_0.wav,0.0,True
1578_3.wav,0.0,True
1578_4.wav,0.0,True
1579_0.wav,0.0,True
1579_3.wav,0.0,True
1579_4.wav,0.0,True
158_2.wav,0.0,True
1580_0.wav,0.0,True
1580_3.wav,0.0,True
1580_4.wav,0.0,True
1581_0.wav,0.0,True
1581_4.wav,1.0,True
1582_0.wav,0.0,True
1582_4.wav,1.0,True
1583_0.wav,0.0,True
1583_4.wav,1.0,True
1584_0.wav,0.0,True
1585_0.wav,0.0,True
1586_0.wav,0.0,True
1587_0.wav,0.0,True
1588_0.wav,0.0,True
1589_0.wav,0.0,True
159_2.wav,0.0,True
1590_0.wav,0.0,True
1591_0.wav,0.0,True
1592_0.wav,0.0,True
1593_0.wav,0.0,True
1593_3.wav,0.0,True
1594_0.wav,0.0,True
1594_3.wav,0.0,True
1595_0.wav,0.0,True
1595_3.wav,0.0,True
1596_0.wav,0.0,True
1596_3.wav,0.0,True
1597_0.wav,0.0,True
1598_0.wav,0.0,True
1599_0.wav,0.0,True
160_0.wav,0.0,True
160_2.wav,0.0,True
1600_0.wav,0.0,True
1601_0.wav,0.0,True
1601_3.wav,1.0,True
1601_4.wav,1.0,True
1602_0.wav,0.0,True
1602_3.wav,1.0,True
1602_4.wav,1.0,True
1603_0.wav,0.0,True
1603_3.wav,1.0,True
1603_4.wav,1.0,True
1604_0.wav,0.0,True
1604_3.wav,1.0,True
1604_4.wav,1.0,True
1605_3.wav,0.0,True
1605_4.wav,0.0,True
1606_3.wav,0.0,True
1606_4.wav,0.0,True
1607_3.wav,0.0,True
1607_4.wav,0.0,True
1608_3.wav,0.0,True
1608_4.wav,0.0,True
1609_0.wav,0.0,True
1609_1.wav,0.0,True
1609_4.wav,0.0,True
161_0.wav,0.0,True
1610_0.wav,0.0,True
1610_1.wav,0.0,True
1610_4.wav,0.0,True
1611_0.wav,0.0,True
1611_1.wav,0.0,True
1611_4.wav,0.0,True
1612_0.wav,0.0,True
1612_1.wav,0.0,True
1612_4.wav,0.0,True
1613_0.wav,0.0,True
1614_0.wav,0.0,True
1615_0.wav,0.0,True
1616_0.wav,0.0,True
1617_0.wav,0.0,True
1617_1.wav,0.0,True
1618_0.wav,0.0,True
1618_1.wav,0.0,True
1619_0.wav,0.0,True
1619_1.wav,0.0,True
162_0.wav,0.0,True
1620_0.wav,0.0,True
1620_1.wav,0.0,True
1629_4.wav,0.0,True
163_0.wav,0.0,True
1630_4.wav,0.0,True
1631_4.wav,0.0,True
1632_4.wav,0.0,True
1633_3.wav,1.0,True
1633_4.wav,1.0,True
1634_3.wav,1.0,True
1634_4.wav,1.0,True
1635_3.wav,1.0,True
1635_4.wav,1.0,True
1636_3.wav,1.0,True
1636_4.wav,1.0,True
1637_4.wav,0.0,True
1638_4.wav,0.0,True
1639_4.wav,0.0,True
164_0.wav,0.0,True
1640_4.wav,0.0,True
1645_0.wav,0.0,True
1646_0.wav,0.0,True
1647_0.wav,0.0,True
1648_0.wav,0.0,True
1649_0.wav,0.0,True
165_0.wav,0.0,True
165_3.wav,0.0,True
1650_0.wav,0.0,True
1651_0.wav,0.0,True
1652_0.wav,0.0,True
1653_0.wav,0.0,True
1653_1.wav,0.0,True
1653_4.wav,0.0,True
1654_0.wav,0.0,True
1654_1.wav,0.0,True
1654_4.wav,0.0,True
1655_0.wav,0.0,True
1655_1.wav,0.0,True
1655_4.wav,0.0,True
1656_0.wav,0.0,True
1656_1.wav,0.0,True
1656_4.wav,0.0,True
1657_0.wav,0.0,True
1658_0.wav,0.0,True
1659_0.wav,0.0,True
166_0.wav,0.0,True
166_3.wav,0.0,True
1660_0.wav,0.0,True
1661_0.wav,0.0,True
1661_3.wav,1.0,True
1662_3.wav,1.0,True
1663_3.wav,1.0,True
1664_0.wav,0.0,True
1664_3.wav,1.0,True
1669_0.wav,0.0,True
1669_3.wav,0.0,True
1669_4.wav,1.0,True
167_0.wav,0.0,True
167_3.wav,0.0,True
1670_0.wav,0.0,True
1670_3.wav,0.0,True
1670_4.wav,1.0,True
1671_0.wav,0.0,True
1671_3.wav,0.0,True
1671_4.wav,1.0,True
1672_0.wav,0.0,True
1672_3.wav,0.0,True
1672_4.wav,1.0,True
1673_4.wav,0.0,True
1674_4.wav,0.0,True
1675_4.wav,0.0,True
1676_4.wav,0.0,True
1677_0.wav,0.0,True
1677_1.wav,0.0,True
1677_4.wav,0.0,True
1678_0.wav,0.0,True
1678_1.wav,0.0,True
1678_4.wav,0.0,True
1679_0.wav,0.0,True
1679_1.wav,0.0,True
1679_4.wav,0.0,True
168_0.wav,0.0,True
168_3.wav,0.0,True
1680_0.wav,0.0,True
1680_1.wav,0.0,True
1680_4.wav,0.0,True
1681_0.wav,0.0,True
1681_1.wav,0.0,True
1681_4.wav,0.0,True
1682_0.wav,0.0,True
1682_1.wav,0.0,True
1682_4.wav,0.0,True
1683_0.wav,0.0,True
1683_1.wav,0.0,True
1683_4.wav,0.0,True
1684_0.wav,0.0,True
1684_1.wav,0.0,True
1684_4.wav,0.0,True
1685_0.wav,0.0,True
1685_3.wav,0.0,True
1686_0.wav,0.0,True
1686_3.wav,0.0,True
1687_0.wav,0.0,True
1687_3.wav,0.0,True
1688_0.wav,0.0,True
1688_3.wav,0.0,True
1689_0.wav,0.0,True
1689_3.wav,0.0,True
1689_4.wav,0.0,True
169_0.wav,0.0,True
169_3.wav,0.0,True
1690_0.wav,0.0,True
1690_3.wav,0.0,True
1690_4.wav,0.0,True
1691_0.wav,0.0,True
1691_3.wav,0.0,True
1691_4.wav,0.0,True
1692_0.wav,0.0,True
1692_3.wav,0.0,True
1692_4.wav,0.0,True
1693_0.wav,0.0,True
1693_1.wav,0.0,True
1693_4.wav,0.0,True
1694_0.wav,0.0,True
1694_1.wav,0.0,True
1694_4.wav,0.0,True
1695_0.wav,0.0,True
1695_1.wav,0.0,True
1695_4.wav,0.0,True
1696_0.wav,0.0,True
1696_1.wav,0.0,True
1696_4.wav,0.0,True
1697_0.wav,0.0,True
1697_4.wav,0.0,True
1698_0.wav,0.0,True
1698_4.wav,0.0,True
1699_0.wav,0.0,True
1699_4.wav,0.0,True
170_0.wav,0.0,True
170_3.wav,0.0,True
1700_0.wav,0.0,True
1700_4.wav,0.0,True
1701_0.wav,0.0,True
1701_1.wav,0.0,True
1701_4.wav,0.0,True
1702_0.wav,0.0,True
1702_1.wav,0.0,True
1702_4.wav,0.0,True
1703_0.wav,0.0,True
1703_1.wav,0.0,True
1703_4.wav,0.0,True
1704_0.wav,0.0,True
1704_1.wav,0.0,True
1704_4.wav,0.0,True
1705_0.wav,0.0,True
1705_4.wav,0.0,True
1706_0.wav,0.0,True
1706_4.wav,0.0,True
1707_0.wav,0.0,True
1707_4.wav,0.0,True
1708_0.wav,0.0,True
1708_4.wav,0.0,True
1709_4.wav,0.0,True
171_0.wav,0.0,True
171_3.wav,0.0,True
1710_4.wav,0.0,True
1711_4.wav,0.0,True
1712_4.wav,0.0,True
1713_4.wav,0.0,True
1714_4.wav,0.0,True
1715_4.wav,0.0,True
1716_4.wav,0.0,True
1717_0.wav,0.0,True
1717_3.wav,0.0,True
1717_4.wav,0.0,True
1718_0.wav,0.0,True
1718_3.wav,0.0,True
1718_4.wav,0.0,True
1719_0.wav,0.0,True
1719_3.wav,0.0,True
1719_4.wav,0.0,True
172_0.wav,0.0,True
172_3.wav,0.0,True
1720_0.wav,0.0,True
1720_3.wav,0.0,True
1720_4.wav,0.0,True
1721_0.wav,0.0,True
1721_3.wav,0.0,True
1721_4.wav,0.0,True
1722_0.wav,0.0,True
1722_3.wav,0.0,True
1722_4.wav,0.0,True
1723_0.wav,0.0,True
1723_3.wav,0.0,True
1723_4.wav,0.0,True
1724_0.wav,0.0,True
1724_3.wav,0.0,True
1724_4.wav,0.0,True
1725_0.wav,0.0,True
1725_3.wav,0.0,True
1725_4.wav,0.0,True
1726_0.wav,0.0,True
1726_3.wav,0.0,True
1726_4.wav,0.0,True
1727_0.wav,0.0,True
1727_3.wav,0.0,True
1727_4.wav,0.0,True
1728_0.wav,0.0,True
1728_3.wav,0.0,True
1728_4.wav,0.0,True
173_0.wav,0.0,True
173_3.wav,1.0,True
174_0.wav,0.0,True
175_0.wav,0.0,True
175_3.wav,1.0,True
176_0.wav,0.0,True
176_3.wav,1.0,True
177_0.wav,0.0,True
177_3.wav,0.0,True
177_4.wav,0.0,True
178_0.wav,0.0,True
178_3.wav,0.0,True
178_4.wav,0.0,True
179_3.wav,0.0,True
179_4.wav,0.0,True
180_0.wav,0.0,True
180_3.wav,0.0,True
180_4.wav,0.0,True
181_0.wav,0.0,True
182_0.wav,0.0,True
183_0.wav,0.0,True
184_0.wav,0.0,True
185_0.wav,0.0,True
186_0.wav,0.0,True
187_0.wav,0.0,True
188_0.wav,0.0,True
189_0.wav,0.0,True
190_0.wav,0.0,True
191_0.wav,0.0,True
192_0.wav,0.0,True
193_0.wav,0.0,True
193_3.wav,0.0,True
193_4.wav,0.0,True
194_0.wav,0.0,True
194_3.wav,0.0,True
194_4.wav,0.0,True
195_0.wav,0.0,True
195_3.wav,0.0,True
195_4.wav,0.0,True
196_0.wav,0.0,True
196_3.wav,0.0,True
196_4.wav,0.0,True
197_0.wav,0.0,True
197_3.wav,1.0,True
198_0.wav,0.0,True
198_3.wav,1.0,True
199_0.wav,0.0,True
199_3.wav,1.0,True
200_0.wav,0.0,True
200_3.wav,1.0,True
205_0.wav,0.0,True
205_1.wav,0.0,True
205_2.wav,0.0,True
205_3.wav,0.0,True
206_0.wav,0.0,True
206_1.wav,0.0,True
206_2.wav,0.0,True
206_3.wav,0.0,True
207_0.wav,0.0,True
207_1.wav,0.0,True
207_2.wav,0.0,True
207_3.wav,0.0,True
208_0.wav,0.0,True
208_1.wav,0.0,True
208_2.wav,0.0,True
208_3.wav,0.0,True
209_0.wav,0.0,True
210_0.wav,0.0,True
211_0.wav,0.0,True
212_0.wav,0.0,True
213_0.wav,0.0,True
214_0.wav,0.0,True
215_0.wav,0.0,True
216_0.wav,0.0,True
217_2.wav,0.0,True
218_2.wav,0.0,True
219_2.wav,0.0,True
220_2.wav,0.0,True
221_0.wav,0.0,True
222_0.wav,0.0,True
223_0.wav,0.0,True
224_0.wav,0.0,True
225_0.wav,0.0,True
226_0.wav,0.0,True
227_0.wav,0.0,True
228_0.wav,0.0,True
229_0.wav,0.0,True
230_0.wav,0.0,True
2301_3.wav,0.0,True
2302_3.wav,0.0,True
2303_3.wav,0.0,True
2304_3.wav,0.0,True
2305_0.wav,0.0,True
2305_1.wav,0.0,True
2305_4.wav,0.0,True
2306_0.wav,0.0,True
2306_1.wav,0.0,True
2306_4.wav,0.0,True
2307_0.wav,0.0,True
2307_1.wav,0.0,True
2307_4.wav,0.0,True
2308_0.wav,0.0,True
2308_1.wav,0.0,True
2308_4.wav,0.0,True
2309_0.wav,0.0,True
2309_3.wav,0.0,True
2309_4.wav,0.0,True
231_0.wav,0.0,True
2310_0.wav,0.0,True
2310_3.wav,0.0,True
2310_4.wav,0.0,True
2311_0.wav,0.0,True
2311_3.wav,0.0,True
2311_4.wav,0.0,True
2312_0.wav,0.0,True
2312_3.wav,0.0,True
2312_4.wav,0.0,True
2313_3.wav,0.0,True
2313_4.wav,0.0,True
2314_3.wav,0.0,True
2314_4.wav,0.0,True
2315_3.wav,0.0,True
2315_4.wav,0.0,True
2316_3.wav,0.0,True
2316_4.wav,0.0,True
2317_0.wav,0.0,True
2317_4.wav,0.0,True
2318_0.wav,0.0,True
2319_0.wav,0.0,True
232_0.wav,0.0,True
2320_0.wav,0.0,True
2320_4.wav,0.0,True
2321_0.wav,0.0,True
2322_0.wav,0.0,True
2323_0.wav,0.0,True
2324_0.wav,0.0,True
2324_3.wav,0.0,True
2324_4.wav,0.0,True
2325_0.wav,0.0,True
2325_3.wav,0.0,True
2325_4.wav,0.0,True
2326_4.wav,0.0,True
2327_4.wav,0.0,True
2328_0.wav,0.0,True
2328_3.wav,0.0,True
2328_4.wav,0.0,True
2329_0.wav,0.0,True
233_2.wav,0.0,True
2330_0.wav,0.0,True
2331_0.wav,0.0,True
2332_0.wav,0.0,True
2337_0.wav,0.0,True
2337_1.wav,0.0,True
2337_2.wav,0.0,True
2338_0.wav,0.0,True
2338_1.wav,0.0,True
2338_2.wav,0.0,True
2339_0.wav,0.0,True
2339_1.wav,0.0,True
2339_2.wav,0.0,True
234_2.wav,0.0,True
2340_0.wav,0.0,True
2340_1.wav,0.0,True
2340_2.wav,0.0,True
2341_0.wav,0.0,True
2341_3.wav,1.0,True
2341_4.wav,1.0,True
2342_0.wav,0.0,True
2342_3.wav,1.0,True
2342_4.wav,1.0,True
2343_0.wav,0.0,True
2343_3.wav,1.0,True
2343_4.wav,1.0,True
2344_0.wav,0.0,True
2344_3.wav,1.0,True
2344_4.wav,1.0,True
2345_3.wav,1.0,True
2345_4.wav,0.0,True
2346_3.wav,1.0,True
2346_4.wav,0.0,True
2347_3.wav,1.0,True
2347_4.wav,0.0,True
2348_3.wav,1.0,True
2348_4.wav,0.0,True
2349_0.wav,0.0,True
2349_3.wav,0.0,True
2349_4.wav,0.0,True
235_2.wav,0.0,True
2350_0.wav,0.0,True
2350_3.wav,0.0,True
2351_0.wav,0.0,True
2351_3.wav,0.0,True
2352_0.wav,0.0,True
2352_3.wav,0.0,True
2352_4.wav,0.0,True
2353_0.wav,0.0,True
2353_4.wav,0.0,True
2354_4.wav,0.0,True
2355_4.wav,0.0,True
2356_0.wav,0.0,True
2356_1.wav,0.0,True
2356_4.wav,0.0,True
2357_3.wav,0.0,True
2357_4.wav,0.0,True
2358_3.wav,0.0,True
2359_3.wav,0.0,True
236_2.wav,0.0,True
2360_3.wav,0.0,True
2360_4.wav,0.0,True
2365_0.wav,0.0,True
2365_3.wav,0.0,True
2365_4.wav,0.0,True
2366_0.wav,0.0,True
2366_3.wav,0.0,True
2367_0.wav,0.0,True
2367_3.wav,0.0,True
2368_0.wav,0.0,True
2368_3.wav,0.0,True
2368_4.wav,0.0,True
2369_3.wav,0.0,True
2369_4.wav,0.0,True
237_0.wav,0.0,True
237_1.wav,0.0,True
237_2.wav,0.0,True
2370_3.wav,0.0,True
2370_4.wav,0.0,True
2371_3.wav,0.0,True
2371_4.wav,0.0,True
2372_3.wav,0.0,True
2372_4.wav,0.0,True
2377_2.wav,0.0,True
2377_3.wav,0.0,True
2378_2.wav,0.0,True
2378_3.wav,0.0,True
2379_2.wav,0.0,True
2379_3.wav,0.0,True
238_0.wav,0.0,True
238_1.wav,0.0,True
238_2.wav,0.0,True
2380_2.wav,0.0,True
2380_3.wav,0.0,True
2381_0.wav,0.0,True
2381_3.wav,0.0,True
2382_0.wav,0.0,True
2382_3.wav,0.0,True
2383_0.wav,0.0,True
2383_3.wav,0.0,True
2384_0.wav,0.0,True
2384_3.wav,0.0,True
2385_0.wav,0.0,True
2385_3.wav,0.0,True
2385_4.wav,0.0,True
2386_0.wav,0.0,True
2386_3.wav,0.0,True
2386_4.wav,0.0,True
2387_0.wav,0.0,True
2387_3.wav,0.0,True
2387_4.wav,0.0,True
2388_0.wav,0.0,True
2388_3.wav,0.0,True
2388_4.wav,0.0,True
2389_1.wav,0.0,True
2389_2.wav,0.0,True
239_0.wav,0.0,True
239_1.wav,0.0,True
239_2.wav,0.0,True
2390_1.wav,0.0,True
2390_2.wav,0.0,True
2391_1.wav,0.0,True
2391_2.wav,0.0,True
2392_1.wav,0.0,True
2392_2.wav,0.0,True
2393_0.wav,0.0,True
2393_1.wav,0.0,True
2393_4.wav,0.0,True
2394_0.wav,0.0,True
2394_1.wav,0.0,True
2394_4.wav,0.0,True
2395_0.wav,0.0,True
2395_1.wav,0.0,True
2395_4.wav,0.0,True
2396_0.wav,0.0,True
2396_1.wav,0.0,True
2396_4.wav,0.0,True
2397_3.wav,0.0,True
2397_4.wav,0.0,True
2398_3.wav,0.0,True
2398_4.wav,0.0,True
2399_3.wav,0.0,True
2399_4.wav,0.0,True
240_0.wav,0.0,True
240_1.wav,0.0,True
240_2.wav,0.0,True
2400_3.wav,0.0,True
2400_4.wav,0.0,True
2405_0.wav,0.0,True
2405_1.wav,0.0,True
2405_2.wav,0.0,True
2406_0.wav,0.0,True
2406_1.wav,0.0,True
2406_2.wav,0.0,True
2407_0.wav,0.0,True
2407_1.wav,0.0,True
2407_2.wav,0.0,True
2408_0.wav,0.0,True
2408_1.wav,0.0,True
2408_2.wav,0.0,True
2409_0.wav,0.0,True
2409_1.wav,0.0,True
2409_4.wav,0.0,True
241_0.wav,0.0,True
241_4.wav,0.0,True
2410_0.wav,0.0,True
2410_1.wav,0.0,True
2410_4.wav,0.0,True
2411_0.wav,0.0,True
2411_1.wav,0.0,True
2411_4.wav,0.0,True
2412_0.wav,0.0,True
2412_1.wav,0.0,True
2412_4.wav,0.0,True
2413_0.wav,0.0,True
2413_3.wav,0.0,True
2413_4.wav,0.0,True
2414_0.wav,0.0,True
2414_3.wav,0.0,True
2414_4.wav,0.0,True
2415_0.wav,0.0,True
2415_3.wav,0.0,True
2415_4.wav,0.0,True
2416_0.wav,0.0,True
2416_3.wav,0.0,True
2416_4.wav,0.0,True
2417_2.wav,0.0,True
2417_3.wav,0.0,True
2417_4.wav,0.0,True
2418_3.wav,0.0,True
2418_4.wav,0.0,True
2419_3.wav,0.0,True
2419_4.wav,0.0,True
242_0.wav,0.0,True
242_4.wav,0.0,True
2420_2.wav,0.0,True
2420_3.wav,0.0,True
2420_4.wav,0.0,True
2421_0.wav,0.0,True
2421_4.wav,0.0,True
2422_0.wav,0.0,True
2422_4.wav,0.0,True
2423_0.wav,0.0,True
2423_4.wav,0.0,True
2424_0.wav,0.0,True
2424_3.wav,1.0,True
2424_4.wav,0.0,True
2425_0.wav,0.0,True
2425_3.wav,0.0,True
2425_4.wav,0.0,True
2426_3.wav,0.0,True
2426_4.wav,0.0,True
2427_3.wav,0.0,True
2427_4.wav,0.0,True
2428_0.wav,0.0,True
2428_3.wav,0.0,True
2428_4.wav,0.0,True
2429_0.wav,0.0,True
2429_4.wav,0.0,True
243_0.wav,0.0,True
243_4.wav,0.0,True
2430_0.wav,0.0,True
2430_4.wav,0.0,True
2431_0.wav,0.0,True
2431_4.wav,0.0,True
2432_0.wav,0.0,True
2432_4.wav,0.0,True
2433_0.wav,0.0,True
2433_3.wav,0.0,True
2433_4.wav,0.0,True
2434_0.wav,0.0,True
2434_3.wav,0.0,True
2434_4.wav,0.0,True
2435_0.wav,0.0,True
2435_3.wav,0.0,True
2435_4.wav,0.0,True
2436_0.wav,0.0,True
2436_3.wav,0.0,True
2436_4.wav,0.0,True
2437_0.wav,0.0,True
2437_1.wav,0.0,True
2437_4.wav,0.0,True
2438_0.wav,0.0,True
2438_1.wav,0.0,True
2438_4.wav,0.0,True
2439_0.wav,0.0,True
2439_1.wav,0.0,True
2439_4.wav,0.0,True
244_0.wav,0.0,True
244_4.wav,0.0,True
2440_0.wav,0.0,True
2440_1.wav,0.0,True
2440_4.wav,0.0,True
2441_0.wav,0.0,True
2441_1.wav,0.0,True
2442_0.wav,0.0,True
2442_1.wav,0.0,True
2443_0.wav,0.0,True
2443_1.wav,0.0,True
2444_0.wav,0.0,True
2444_1.wav,0.0,True
2445_0.wav,0.0,True
2445_4.wav,0.0,True
2446_0.wav,0.0,True
2446_4.wav,0.0,True
2447_0.wav,0.0,True
2447_4.wav,0.0,True
2448_0.wav,0.0,True
2448_4.wav,0.0,True
2449_2.wav,1.0,True
245_0.wav,0.0,True
245_3.wav,0.0,True
245_4.wav,0.0,True
2450_2.wav,1.0,True
2451_2.wav,1.0,True
2452_1.wav,1.0,True
2452_2.wav,1.0,True
2452_3.wav,0.0,True
2453_1.wav,0.0,True
2453_4.wav,0.0,True
2454_1.wav,0.0,True
2454_4.wav,0.0,True
2455_1.wav,0.0,True
2455_4.wav,0.0,True
2456_1.wav,0.0,True
2456_4.wav,0.0,True
2457_0.wav,0.0,True
2457_3.wav,0.0,True
2457_4.wav,0.0,True
2458_0.wav,0.0,True
2458_3.wav,0.0,True
2458_4.wav,0.0,True
2459_0.wav,0.0,True
2459_3.wav,0.0,True
2459_4.wav,0.0,True
246_0.wav,0.0,True
246_3.wav,0.0,True
246_4.wav,0.0,True
2460_0.wav,0.0,True
2460_3.wav,0.0,True
2460_4.wav,0.0,True
2461_0.wav,0.0,True
2461_4.wav,0.0,True
2462_0.wav,0.0,True
2462_4.wav,0.0,True
2463_0.wav,0.0,True
2463_4.wav,0.0,True
2464_0.wav,0.0,True
2464_4.wav,0.0,True
2465_3.wav,0.0,True
2465_4.wav,0.0,True
2466_3.wav,0.0,True
2466_4.wav,0.0,True
2467_3.wav,0.0,True
2467_4.wav,0.0,True
2468_3.wav,0.0,True
2468_4.wav,0.0,True
2469_0.wav,0.0,True
247_0.wav,0.0,True
247_3.wav,0.0,True
247_4.wav,0.0,True
2470_0.wav,0.0,True
2471_0.wav,0.0,True
2472_0.wav,0.0,True
2473_3.wav,0.0,True
2473_4.wav,0.0,True
2474_3.wav,0.0,True
2474_4.wav,0.0,True
2475_2.wav,1.0,True
2475_3.wav,0.0,True
2475_4.wav,0.0,True
2476_3.wav,0.0,True
2476_4.wav,0.0,True
2477_0.wav,0.0,True
2477_3.wav,0.0,True
2477_4.wav,0.0,True
2478_0.wav,0.0,True
2478_3.wav,0.0,True
2478_4.wav,0.0,True
2479_0.wav,0.0,True
2479_3.wav,0.0,True
2479_4.wav,0.0,True
248_0.wav,0.0,True
248_3.wav,0.0,True
248_4.wav,0.0,True
2480_0.wav,0.0,True
2480_3.wav,0.0,True
2480_4.wav,0.0,True
2481_0.wav,0.0,True
2481_3.wav,0.0,True
2481_4.wav,0.0,True
2482_0.wav,0.0,True
2482_3.wav,0.0,True
2482_4.wav,0.0,True
2483_0.wav,0.0,True
2483_3.wav,0.0,True
2483_4.wav,0.0,True
2484_0.wav,0.0,True
2484_3.wav,0.0,True
2484_4.wav,0.0,True
2485_3.wav,0.0,True
2485_4.wav,0.0,True
2486_3.wav,0.0,True
2486_4.wav,0.0,True
2487_3.wav,0.0,True
2487_4.wav,0.0,True
2488_3.wav,0.0,True
2488_4.wav,0.0,True
2489_0.wav,0.0,True
2489_3.wav,0.0,True
2489_4.wav,0.0,True
249_0.wav,0.0,True
249_3.wav,0.0,True
249_4.wav,0.0,True
2490_0.wav,0.0,True
2490_4.wav,0.0,True
2491_0.wav,0.0,True
2491_4.wav,0.0,True
2492_0.wav,0.0,True
2492_3.wav,0.0,True
2492_4.wav,0.0,True
2493_2.wav,0.0,True
2493_3.wav,0.0,True
2493_4.wav,0.0,True
2494_1.wav,1.0,True
2494_2.wav,0.0,True
2494_3.wav,0.0,True
2494_4.wav,0.0,True
2495_1.wav,1.0,True
2495_2.wav,1.0,True
2495_3.wav,0.0,True
2495_4.wav,0.0,True
2496_2.wav,0.0,True
2496_3.wav,0.0,True
2496_4.wav,0.0,True
2497_2.wav,0.0,True
2497_3.wav,0.0,True
2497_4.wav,0.0,True
2498_2.wav,0.0,True
2498_3.wav,0.0,True
2498_4.wav,0.0,True
2499_2.wav,0.0,True
2499_3.wav,0.0,True
2499_4.wav,0.0,True
250_0.wav,0.0,True
250_3.wav,0.0,True
250_4.wav,0.0,True
2500_2.wav,0.0,True
2500_3.wav,0.0,True
2500_4.wav,0.0,True
2501_0.wav,0.0,True
2501_3.wav,0.0,True
2501_4.wav,0.0,True
2502_0.wav,0.0,True
2502_3.wav,0.0,True
2502_4.wav,0.0,True
2503_0.wav,0.0,True
2503_3.wav,0.0,True
2503_4.wav,0.0,True
2504_0.wav,0.0,True
2504_3.wav,0.0,True
2504_4.wav,0.0,True
2505_3.wav,0.0,True
2505_4.wav,0.0,True
2508_3.wav,0.0,True
2508_4.wav,0.0,True
2509_0.wav,0.0,True
2509_3.wav,0.0,True
2509_4.wav,0.0,True
251_0.wav,0.0,True
251_3.wav,0.0,True
251_4.wav,0.0,True
2510_0.wav,0.0,True
2510_3.wav,0.0,True
2510_4.wav,0.0,True
2511_0.wav,0.0,True
2511_3.wav,0.0,True
2511_4.wav,0.0,True
2512_0.wav,0.0,True
2512_3.wav,0.0,True
2512_4.wav,0.0,True
2513_0.wav,0.0,True
2513_4.wav,0.0,True
2514_0.wav,0.0,True
2514_4.wav,0.0,True
2515_0.wav,0.0,True
2515_4.wav,0.0,True
2516_0.wav,0.0,True
2516_3.wav,1.0,True
2516_4.wav,0.0,True
252_0.wav,0.0,True
252_3.wav,0.0,True
252_4.wav,0.0,True
253_0.wav,0.0,True
253_3.wav,0.0,True
253_4.wav,0.0,True
254_0.wav,0.0,True
254_3.wav,0.0,True
254_4.wav,0.0,True
255_0.wav,0.0,True
255_3.wav,0.0,True
255_4.wav,0.0,True
256_0.wav,0.0,True
256_3.wav,0.0,True
256_4.wav,0.0,True
257_2.wav,0.0,True
257_3.wav,0.0,True
257_4.wav,0.0,True
258_2.wav,0.0,True
258_3.wav,0.0,True
258_4.wav,0.0,True
259_2.wav,0.0,True
259_3.wav,0.0,True
259_4.wav,0.0,True
260_2.wav,0.0,True
260_3.wav,0.0,True
260_4.wav,0.0,True
261_0.wav,0.0,True
261_3.wav,0.0,True
261_4.wav,0.0,True
262_0.wav,0.0,True
262_3.wav,0.0,True
262_4.wav,0.0,True
263_0.wav,0.0,True
263_3.wav,0.0,True
263_4.wav,0.0,True
264_0.wav,0.0,True
264_3.wav,0.0,True
264_4.wav,0.0,True
265_0.wav,0.0,True
265_1.wav,0.0,True
265_2.wav,0.0,True
266_0.wav,0.0,True
266_1.wav,0.0,True
266_2.wav,0.0,True
267_0.wav,0.0,True
267_1.wav,0.0,True
267_2.wav,0.0,True
268_0.wav,0.0,True
268_1.wav,0.0,True
268_2.wav,0.0,True
269_0.wav,0.0,True
269_1.wav,0.0,True
269_4.wav,0.0,True
270_0.wav,0.0,True
270_1.wav,0.0,True
270_4.wav,0.0,True
271_0.wav,0.0,True
271_1.wav,0.0,True
271_4.wav,0.0,True
272_0.wav,0.0,True
272_1.wav,0.0,True
272_4.wav,0.0,True
273_0.wav,0.0,True
273_1.wav,0.0,True
273_4.wav,0.0,True
274_0.wav,0.0,True
274_1.wav,0.0,True
274_4.wav,0.0,True
275_0.wav,0.0,True
275_1.wav,0.0,True
275_4.wav,0.0,True
276_0.wav,0.0,True
276_1.wav,0.0,True
276_4.wav,0.0,True
277_0.wav,0.0,True
278_0.wav,0.0,True
279_0.wav,0.0,True
280_0.wav,0.0,True
281_0.wav,0.0,True
281_3.wav,0.0,True
282_0.wav,0.0,True
282_3.wav,0.0,True
283_0.wav,0.0,True
283_3.wav,0.0,True
284_0.wav,0.0,True
284_3.wav,0.0,True
285_0.wav,0.0,True
286_0.wav,0.0,True
287_0.wav,0.0,True
288_0.wav,0.0,True
289_2.wav,0.0,True
289_3.wav,0.0,True
289_4.wav,0.0,True
290_2.wav,0.0,True
290_3.wav,0.0,True
290_4.wav,0.0,True
291_2.wav,0.0,True
291_3.wav,0.0,True
291_4.wav,0.0,True
292_2.wav,0.0,True
292_3.wav,0.0,True
292_4.wav,0.0,True
296_2.wav,0.0,True
297_0.wav,0.0,True
297_4.wav,0.0,True
298_0.wav,0.0,True
298_4.wav,0.0,True
299_4.wav,0.0,True
300_0.wav,0.0,True
300_4.wav,0.0,True
301_0.wav,0.0,True
301_3.wav,0.0,True
302_0.wav,0.0,True
302_3.wav,0.0,True
303_0.wav,0.0,True
303_3.wav,0.0,True
304_0.wav,0.0,True
304_3.wav,0.0,True
305_0.wav,1.0,True
306_0.wav,1.0,True
307_0.wav,1.0,True
308_0.wav,1.0,True
309_0.wav,0.0,True
309_1.wav,0.0,True
310_0.wav,0.0,True
310_1.wav,0.0,True
311_0.wav,0.0,True
311_1.wav,0.0,True
312_0.wav,0.0,True
312_1.wav,0.0,True
313_0.wav,0.0,True
313_3.wav,0.0,True
313_4.wav,0.0,True
314_0.wav,0.0,True
314_3.wav,0.0,True
314_4.wav,0.0,True
315_0.wav,0.0,True
315_3.wav,0.0,True
315_4.wav,0.0,True
316_0.wav,0.0,True
316_3.wav,0.0,True
316_4.wav,0.0,True
317_0.wav,0.0,True
318_0.wav,0.0,True
319_0.wav,0.0,True
320_0.wav,0.0,True
321_0.wav,0.0,True
322_0.wav,0.0,True
323_0.wav,0.0,True
324_0.wav,0.0,True
325_0.wav,0.0,True
325_3.wav,0.0,True
325_4.wav,0.0,True
326_0.wav,0.0,True
326_3.wav,0.0,True
326_4.wav,0.0,True
327_0.wav,0.0,True
327_3.wav,0.0,True
327_4.wav,0.0,True
328_0.wav,0.0,True
328_3.wav,0.0,True
328_4.wav,0.0,True
329_0.wav,0.0,True
329_4.wav,1.0,True
330_0.wav,0.0,True
330_4.wav,1.0,True
331_0.wav,0.0,True
331_4.wav,1.0,True
332_0.wav,0.0,True
332_4.wav,1.0,True
333_4.wav,1.0,True
334_4.wav,1.0,True
335_4.wav,1.0,True
336_4.wav,1.0,True
337_2.wav,0.0,True
338_2.wav,0.0,True
339_2.wav,0.0,True
340_2.wav,0.0,True
341_0.wav,0.0,True
342_0.wav,0.0,True
343_0.wav,0.0,True
344_0.wav,0.0,True
345_0.wav,0.0,True
346_0.wav,0.0,True
347_0.wav,0.0,True
348_0.wav,0.0,True
349_0.wav,0.0,True
349_1.wav,0.0,True
349_2.wav,0.0,True
350_0.wav,0.0,True
350_1.wav,0.0,True
350_2.wav,0.0,True
351_0.wav,0.0,True
351_1.wav,0.0,True
351_2.wav,0.0,True
352_0.wav,0.0,True
352_1.wav,0.0,True
352_2.wav,0.0,True
53_0.wav,0.0,True
53_3.wav,0.0,True
53_4.wav,0.0,True
54_0.wav,0.0,True
54_3.wav,0.0,True
54_4.wav,0.0,True
55_0.wav,0.0,True
55_3.wav,0.0,True
55_4.wav,0.0,True
56_0.wav,0.0,True
56_3.wav,0.0,True
56_4.wav,0.0,True
57_4.wav,1.0,True
58_4.wav,1.0,True
59_4.wav,1.0,True
60_4.wav,1.0,True
61_0.wav,0.0,True
62_0.wav,0.0,True
63_0.wav,0.0,True
64_0.wav,0.0,True
65_2.wav,1.0,True
66_2.wav,1.0,True
67_2.wav,1.0,True
68_2.wav,1.0,True
69_0.wav,0.0,True
69_3.wav,0.0,True
70_0.wav,0.0,True
70_3.wav,0.0,True
71_0.wav,0.0,True
71_3.wav,0.0,True
72_0.wav,0.0,True
72_3.wav,0.0,True
73_0.wav,0.0,True
74_0.wav,0.0,True
75_0.wav,0.0,True
76_0.wav,0.0,True
77_0.wav,0.0,True
78_0.wav,0.0,True
79_0.wav,0.0,True
80_0.wav,0.0,True
89_0.wav,0.0,True
89_3.wav,0.0,True
90_0.wav,0.0,True
90_3.wav,0.0,True
91_0.wav,0.0,True
91_3.wav,0.0,True
92_0.wav,0.0,True
92_3.wav,0.0,True
93_0.wav,0.0,True
93_3.wav,0.0,True
93_4.wav,0.0,True
94_0.wav,0.0,True
94_3.wav,0.0,True
94_4.wav,0.0,True
95_0.wav,0.0,True
95_3.wav,0.0,True
95_4.wav,0.0,True
96_0.wav,0.0,True
96_3.wav,0.0,True
96_4.wav,0.0,True
97_2.wav,0.0,True
97_3.wav,0.0,True
97_4.wav,0.0,True
98_2.wav,0.0,True
98_3.wav,0.0,True
98_4.wav,0.0,True
99_2.wav,0.0,True
99_3.wav,0.0,True
99_4.wav,0.0,True
